date,expiry,symbol,contractSymbol,type,inTheMoney,strike,bid,ask,last,underlying,iv_mkt,rate,div_yield,volume,openInterest,lastTradeDate,quote_age_hours,mid,T
2025-11-20 21:00:00+00:00,2025-11-21 00:00:00+00:00,VT,VT251121C00070000,call,True,70.0,63.9,66.8,71.5,136.82000732421875,5.119144226074218,0.03705490886999391,0.01706621747553932,2.0,4,2025-10-27 17:27:37+00:00,579.5397222222222,65.35,0.0
2025-11-20 21:00:00+00:00,2025-11-21 00:00:00+00:00,VT,VT251121C00085000,call,True,85.0,52.7,53.8,49.9,136.82000732421875,5.938479139404297,0.03705490886999391,0.01706621747553932,1.0,1,2025-08-22 14:49:17+00:00,2166.178611111111,53.25,0.0
2025-11-20 21:00:00+00:00,2025-11-21 00:00:00+00:00,VT,VT251121C00100000,call,True,100.0,0.0,0.0,37.5,136.82000732421875,1.0000000000000003e-05,0.03705490886999391,0.01706621747553932,1.0,0,2025-09-15 13:48:13+00:00,1591.1963888888888,0.0,0.0
2025-11-20 21:00:00+00:00,2025-11-21 00:00:00+00:00,VT,VT251121C00102000,call,True,102.0,36.2,38.8,35.95,136.82000732421875,4.663578389282226,0.03705490886999391,0.01706621747553932,4.0,10,2025-10-14 17:19:46+00:00,891.6705555555556,37.5,0.0
2025-11-20 21:00:00+00:00,2025-11-21 00:00:00+00:00,VT,VT251121C00104000,call,True,104.0,21.3,23.2,15.4,136.82000732421875,1.0000000000000003e-05,0.03705490886999391,0.01706621747553932,,1,2025-04-30 17:13:14+00:00,4899.779444444444,22.25,0.0
2025-11-20 21:00:00+00:00,2025-11-21 00:00:00+00:00,VT,VT251121C00105000,call,True,105.0,28.5,31.9,32.4,136.82000732421875,2.144535888671875,0.03705490886999391,0.01706621747553932,1.0,42,2025-11-18 18:35:03+00:00,50.41583333333333,30.2,0.0
2025-11-20 21:00:00+00:00,2025-11-21 00:00:00+00:00,VT,VT251121C00106000,call,True,106.0,32.7,34.2,28.7,136.82000732421875,4.222172691040039,0.03705490886999391,0.01706621747553932,28.0,1,2025-09-05 15:54:48+00:00,1829.0866666666666,33.45,0.0
2025-11-20 21:00:00+00:00,2025-11-21 00:00:00+00:00,VT,VT251121C00107000,call,True,107.0,31.3,33.4,33.53,136.82000732421875,4.080083024902344,0.03705490886999391,0.01706621747553932,1.0,5,2025-10-08 18:02:30+00:00,1034.9583333333333,32.35,0.0
2025-11-20 21:00:00+00:00,2025-11-21 00:00:00+00:00,VT,VT251121C00108000,call,True,108.0,30.6,32.0,32.03,136.82000732421875,3.9580079174804688,0.03705490886999391,0.01706621747553932,5.0,84,2025-10-08 17:03:34+00:00,1035.9405555555556,31.3,0.0
2025-11-20 21:00:00+00:00,2025-11-21 00:00:00+00:00,VT,VT251121C00109000,call,True,109.0,24.9,27.9,30.65,136.82000732421875,2.0439502026367187,0.03705490886999391,0.01706621747553932,1.0,2,2025-10-21 13:30:20+00:00,727.4944444444444,26.4,0.0
2025-11-20 21:00:00+00:00,2025-11-21 00:00:00+00:00,VT,VT251121C00110000,call,True,110.0,23.9,26.9,24.9,136.82000732421875,1.9746095019531251,0.03705490886999391,0.01706621747553932,2.0,5,2025-11-13 19:30:18+00:00,169.495,25.4,0.0
2025-11-20 21:00:00+00:00,2025-11-21 00:00:00+00:00,VT,VT251121C00111000,call,True,111.0,22.9,25.9,27.0,136.82000732421875,1.9062504687500001,0.03705490886999391,0.01706621747553932,16.0,3,2025-11-17 19:39:32+00:00,73.3411111111111,24.4,0.0
2025-11-20 21:00:00+00:00,2025-11-21 00:00:00+00:00,VT,VT251121C00112000,call,True,112.0,0.0,0.0,22.58,136.82000732421875,1.0000000000000003e-05,0.03705490886999391,0.01706621747553932,3.0,9,2025-08-18 15:05:53+00:00,2261.9019444444443,0.0,0.0
2025-11-20 21:00:00+00:00,2025-11-21 00:00:00+00:00,VT,VT251121C00113000,call,True,113.0,21.3,22.3,17.23,136.82000732421875,1.140629296875,0.03705490886999391,0.01706621747553932,1.0,4,2025-08-01 18:54:08+00:00,2666.097777777778,21.8,0.0
2025-11-20 21:00:00+00:00,2025-11-21 00:00:00+00:00,VT,VT251121C00114000,call,True,114.0,20.0,22.9,27.2,136.82000732421875,1.7333997705078126,0.03705490886999391,0.01706621747553932,2.0,4,2025-11-03 20:40:49+00:00,408.3197222222222,21.45,0.0
2025-11-20 21:00:00+00:00,2025-11-21 00:00:00+00:00,VT,VT251121C00115000,call,True,115.0,18.7,21.9,21.9,136.82000732421875,1.5664084179687499,0.03705490886999391,0.01706621747553932,1.0,13,2025-11-18 19:05:46+00:00,49.903888888888886,20.299999999999997,0.0
2025-11-20 21:00:00+00:00,2025-11-21 00:00:00+00:00,VT,VT251121C00116000,call,True,116.0,17.9,20.9,25.5,136.82000732421875,1.5654318603515622,0.03705490886999391,0.01706621747553932,1.0,2,2025-11-12 19:28:43+00:00,193.52138888888888,19.4,0.0
2025-11-20 21:00:00+00:00,2025-11-21 00:00:00+00:00,VT,VT251121C00117000,call,True,117.0,18.3,19.3,15.14,136.82000732421875,1.7158217333984376,0.03705490886999391,0.01706621747553932,4.0,9,2025-07-11 14:30:29+00:00,3174.4919444444445,18.8,0.0
2025-11-20 21:00:00+00:00,2025-11-21 00:00:00+00:00,VT,VT251121C00118000,call,True,118.0,15.9,18.9,19.01,136.82000732421875,1.4296903515625,0.03705490886999391,0.01706621747553932,1.0,48,2025-11-18 19:04:01+00:00,49.933055555555555,17.4,0.0
2025-11-20 21:00:00+00:00,2025-11-21 00:00:00+00:00,VT,VT251121C00119000,call,True,119.0,14.9,17.8,19.0,136.82000732421875,1.3320345898437496,0.03705490886999391,0.01706621747553932,19.0,21,2025-11-18 17:55:04+00:00,51.08222222222222,16.35,0.0
2025-11-20 21:00:00+00:00,2025-11-21 00:00:00+00:00,VT,VT251121C00120000,call,True,120.0,13.9,16.8,16.85,136.82000732421875,1.2656286718749998,0.03705490886999391,0.01706621747553932,1.0,27,2025-11-18 18:52:20+00:00,50.12777777777778,15.350000000000001,0.0
2025-11-20 21:00:00+00:00,2025-11-21 00:00:00+00:00,VT,VT251121C00121000,call,True,121.0,13.0,15.7,16.86,136.82000732421875,1.1982461962890625,0.03705490886999391,0.01706621747553932,2.0,36,2025-11-06 15:49:33+00:00,341.1741666666667,14.35,0.0
2025-11-20 21:00:00+00:00,2025-11-21 00:00:00+00:00,VT,VT251121C00122000,call,True,122.0,11.9,14.7,17.35,136.82000732421875,1.1035201074218752,0.03705490886999391,0.01706621747553932,1.0,2,2025-10-23 14:37:16+00:00,678.3788888888889,13.3,0.0
2025-11-20 21:00:00+00:00,2025-11-21 00:00:00+00:00,VT,VT251121C00123000,call,True,123.0,10.9,14.0,13.85,136.82000732421875,1.11328568359375,0.03705490886999391,0.01706621747553932,4.0,179,2025-11-18 16:03:33+00:00,52.94083333333333,12.45,0.0
2025-11-20 21:00:00+00:00,2025-11-21 00:00:00+00:00,VT,VT251121C00124000,call,True,124.0,9.9,12.7,12.9,136.82000732421875,0.9707034179687499,0.03705490886999391,0.01706621747553932,4.0,86,2025-11-18 15:55:38+00:00,53.07277777777778,11.3,0.0
2025-11-20 21:00:00+00:00,2025-11-21 00:00:00+00:00,VT,VT251121C00125000,call,True,125.0,8.9,11.7,9.95,136.82000732421875,0.903321279296875,0.03705490886999391,0.01706621747553932,10.0,15,2025-11-20 17:35:16+00:00,3.4122222222222223,10.3,0.0
2025-11-20 21:00:00+00:00,2025-11-21 00:00:00+00:00,VT,VT251121C00126000,call,True,126.0,7.5,11.0,9.4,136.82000732421875,0.8105487695312499,0.03705490886999391,0.01706621747553932,1.0,37,2025-11-20 19:24:44+00:00,1.5877777777777777,9.25,0.0
2025-11-20 21:00:00+00:00,2025-11-21 00:00:00+00:00,VT,VT251121C00127000,call,True,127.0,6.9,9.8,10.67,136.82000732421875,0.788088056640625,0.03705490886999391,0.01706621747553932,2.0,248,2025-11-20 16:42:55+00:00,4.284722222222222,8.350000000000001,0.0
2025-11-20 21:00:00+00:00,2025-11-21 00:00:00+00:00,VT,VT251121C00128000,call,True,128.0,5.9,8.8,8.25,136.82000732421875,0.71679970703125,0.03705490886999391,0.01706621747553932,2.0,32,2025-11-18 15:02:59+00:00,53.95027777777778,7.3500000000000005,0.0
2025-11-20 21:00:00+00:00,2025-11-21 00:00:00+00:00,VT,VT251121C00130000,call,True,130.0,3.9,6.8,5.0,136.82000732421875,0.5712933496093751,0.03705490886999391,0.01706621747553932,4.0,162,2025-11-20 17:13:49+00:00,3.769722222222222,5.35,0.0
2025-11-20 21:00:00+00:00,2025-11-21 00:00:00+00:00,VT,VT251121C00131000,call,True,131.0,2.3,5.9,5.43,136.82000732421875,0.954102021484375,0.03705490886999391,0.01706621747553932,2.0,3,2025-11-20 17:13:49+00:00,3.769722222222222,4.1,0.0
2025-11-20 21:00:00+00:00,2025-11-21 00:00:00+00:00,VT,VT251121C00132000,call,True,132.0,1.9,4.6,4.51,136.82000732421875,0.772463212890625,0.03705490886999391,0.01706621747553932,1.0,2,2025-11-17 20:01:37+00:00,72.97305555555556,3.25,0.0
2025-11-20 21:00:00+00:00,2025-11-21 00:00:00+00:00,VT,VT251121C00133000,call,True,133.0,1.1,4.0,5.6,136.82000732421875,0.773439765625,0.03705490886999391,0.01706621747553932,25.0,6,2025-11-07 19:10:36+00:00,313.8233333333333,2.55,0.0
2025-11-20 21:00:00+00:00,2025-11-21 00:00:00+00:00,VT,VT251121C00134000,call,True,134.0,0.5,3.4,7.3,136.82000732421875,0.7612328564453126,0.03705490886999391,0.01706621747553932,2.0,19,2025-11-11 18:38:45+00:00,218.35416666666666,1.95,0.0
2025-11-20 21:00:00+00:00,2025-11-21 00:00:00+00:00,VT,VT251121C00135000,call,False,135.0,0.4,0.95,0.67,136.82000732421875,0.2710033837890625,0.03705490886999391,0.01706621747553932,17.0,120,2025-11-20 20:52:13+00:00,0.1297222222222222,0.675,0.0
2025-11-20 21:00:00+00:00,2025-11-21 00:00:00+00:00,VT,VT251121C00136000,call,False,136.0,0.2,1.5,1.4,136.82000732421875,0.5185595019531251,0.03705490886999391,0.01706621747553932,4.0,11,2025-11-19 20:12:01+00:00,24.799722222222222,0.85,0.0
2025-11-20 21:00:00+00:00,2025-11-21 00:00:00+00:00,VT,VT251121C00137000,call,False,137.0,0.0,0.45,0.25,136.82000732421875,0.31836619140624994,0.03705490886999391,0.01706621747553932,1.0,35,2025-11-20 20:40:56+00:00,0.31777777777777777,0.225,0.0
2025-11-20 21:00:00+00:00,2025-11-21 00:00:00+00:00,VT,VT251121C00138000,call,False,138.0,0.0,0.6,0.6,136.82000732421875,0.4414118359375,0.03705490886999391,0.01706621747553932,8.0,80,2025-11-20 17:24:33+00:00,3.5908333333333333,0.3,0.0
2025-11-20 21:00:00+00:00,2025-11-21 00:00:00+00:00,VT,VT251121C00139000,call,False,139.0,0.0,0.35,0.15,136.82000732421875,0.418951123046875,0.03705490886999391,0.01706621747553932,1.0,85,2025-11-18 14:32:40+00:00,54.455555555555556,0.175,0.0
2025-11-20 21:00:00+00:00,2025-11-21 00:00:00+00:00,VT,VT251121C00140000,call,False,140.0,0.0,0.25,0.05,136.82000732421875,0.4335994140625,0.03705490886999391,0.01706621747553932,12.0,111,2025-11-20 16:44:48+00:00,4.253333333333333,0.125,0.0
2025-11-20 21:00:00+00:00,2025-11-21 00:00:00+00:00,VT,VT251121C00141000,call,False,141.0,0.0,0.3,0.25,136.82000732421875,0.51562984375,0.03705490886999391,0.01706621747553932,1.0,90,2025-11-20 14:35:55+00:00,6.401388888888889,0.15,0.0
2025-11-20 21:00:00+00:00,2025-11-21 00:00:00+00:00,VT,VT251121C00142000,call,False,142.0,0.0,0.2,0.05,136.82000732421875,0.5136767382812499,0.03705490886999391,0.01706621747553932,2.0,131,2025-11-19 16:58:10+00:00,28.030555555555555,0.1,0.0
2025-11-20 21:00:00+00:00,2025-11-21 00:00:00+00:00,VT,VT251121C00143000,call,False,143.0,0.0,0.2,0.05,136.82000732421875,0.5644574804687501,0.03705490886999391,0.01706621747553932,1.0,87,2025-11-20 14:50:37+00:00,6.1563888888888885,0.1,0.0
2025-11-20 21:00:00+00:00,2025-11-21 00:00:00+00:00,VT,VT251121C00144000,call,False,144.0,0.0,0.2,0.05,136.82000732421875,0.5293015820312501,0.03705490886999391,0.01706621747553932,2.0,191,2025-11-17 15:58:16+00:00,77.02888888888889,0.1,0.0
2025-11-20 21:00:00+00:00,2025-11-21 00:00:00+00:00,VT,VT251121C00145000,call,False,145.0,0.0,0.75,0.05,136.82000732421875,0.772463212890625,0.03705490886999391,0.01706621747553932,4.0,89,2025-11-13 17:52:46+00:00,171.12055555555557,0.375,0.0
2025-11-20 21:00:00+00:00,2025-11-21 00:00:00+00:00,VT,VT251121C00146000,call,False,146.0,0.0,0.75,0.4,136.82000732421875,0.8242205078124999,0.03705490886999391,0.01706621747553932,2.0,13,2025-10-28 18:00:18+00:00,554.995,0.375,0.0
2025-11-20 21:00:00+00:00,2025-11-21 00:00:00+00:00,VT,VT251121C00147000,call,False,147.0,0.0,0.05,0.02,136.82000732421875,0.5312546875,0.03705490886999391,0.01706621747553932,1.0,28,2025-11-11 16:40:55+00:00,220.31805555555556,0.025,0.0
2025-11-20 21:00:00+00:00,2025-11-21 00:00:00+00:00,VT,VT251121C00148000,call,False,148.0,0.0,0.05,0.08,136.82000732421875,0.5625043750000001,0.03705490886999391,0.01706621747553932,1.0,12,2025-11-11 16:42:21+00:00,220.29416666666665,0.025,0.0
2025-11-20 21:00:00+00:00,2025-11-21 00:00:00+00:00,VT,VT251121C00150000,call,False,150.0,0.0,0.7,0.1,136.82000732421875,1.0039112304687499,0.03705490886999391,0.01706621747553932,,2,2025-09-23 19:52:46+00:00,1393.1205555555555,0.35,0.0
2025-11-20 21:00:00+00:00,2025-11-21 00:00:00+00:00,VT,VT251121C00155000,call,False,155.0,0.0,0.75,0.02,136.82000732421875,1.2470740771484374,0.03705490886999391,0.01706621747553932,8.0,8,2025-10-24 15:09:29+00:00,653.8419444444445,0.375,0.0
2025-11-20 21:00:00+00:00,2025-11-21 00:00:00+00:00,VT,VT251121P00070000,put,False,70.0,0.0,0.0,0.25,136.82000732421875,0.500005,0.03705490886999391,0.01706621747553932,,0,2025-04-22 18:40:05+00:00,5090.331944444444,0.0,0.0
2025-11-20 21:00:00+00:00,2025-11-21 00:00:00+00:00,VT,VT251121P00085000,put,False,85.0,0.0,0.0,0.05,136.82000732421875,0.500005,0.03705490886999391,0.01706621747553932,1.0,22,2025-09-02 19:56:06+00:00,1897.065,0.0,0.0
2025-11-20 21:00:00+00:00,2025-11-21 00:00:00+00:00,VT,VT251121P00090000,put,False,90.0,0.0,0.75,0.05,136.82000732421875,3.0664085839843747,0.03705490886999391,0.01706621747553932,1.0,41,2025-09-05 18:16:59+00:00,1826.7169444444444,0.375,0.0
2025-11-20 21:00:00+00:00,2025-11-21 00:00:00+00:00,VT,VT251121P00095000,put,False,95.0,0.0,0.5,0.21,136.82000732421875,2.5195349511718748,0.03705490886999391,0.01706621747553932,2.0,34,2025-11-12 15:04:30+00:00,197.925,0.25,0.0
2025-11-20 21:00:00+00:00,2025-11-21 00:00:00+00:00,VT,VT251121P00100000,put,False,100.0,0.0,0.75,0.1,136.82000732421875,2.373050942382812,0.03705490886999391,0.01706621747553932,3.0,35,2025-11-12 14:36:50+00:00,198.38611111111112,0.375,0.0
2025-11-20 21:00:00+00:00,2025-11-21 00:00:00+00:00,VT,VT251121P00101000,put,False,101.0,0.75,1.65,4.1,136.82000732421875,3.0136743408203124,0.03705490886999391,0.01706621747553932,,1,2025-04-21 18:15:43+00:00,5114.738055555556,1.2,0.0
2025-11-20 21:00:00+00:00,2025-11-21 00:00:00+00:00,VT,VT251121P00102000,put,False,102.0,0.8,2.35,4.1,136.82000732421875,3.1660177099609372,0.03705490886999391,0.01706621747553932,,1,2025-04-21 18:15:03+00:00,5114.7491666666665,1.5750000000000002,0.0
2025-11-20 21:00:00+00:00,2025-11-21 00:00:00+00:00,VT,VT251121P00103000,put,False,103.0,0.8,2.05,4.3,136.82000732421875,2.994143139648437,0.03705490886999391,0.01706621747553932,,1,2025-04-21 18:14:36+00:00,5114.756666666667,1.4249999999999998,0.0
2025-11-20 21:00:00+00:00,2025-11-21 00:00:00+00:00,VT,VT251121P00104000,put,False,104.0,0.7,2.1,3.9,136.82000732421875,2.89844025390625,0.03705490886999391,0.01706621747553932,1.0,1,2025-04-17 14:31:13+00:00,5214.479722222222,1.4,0.0
2025-11-20 21:00:00+00:00,2025-11-21 00:00:00+00:00,VT,VT251121P00105000,put,False,105.0,0.0,0.75,0.15,136.82000732421875,2.0468798828125,0.03705490886999391,0.01706621747553932,1.0,4,2025-09-09 15:08:07+00:00,1733.8647222222223,0.375,0.0
2025-11-20 21:00:00+00:00,2025-11-21 00:00:00+00:00,VT,VT251121P00106000,put,False,106.0,0.0,0.75,0.35,136.82000732421875,1.982421962890625,0.03705490886999391,0.01706621747553932,1.0,13,2025-08-21 16:07:02+00:00,2188.882777777778,0.375,0.0
2025-11-20 21:00:00+00:00,2025-11-21 00:00:00+00:00,VT,VT251121P00107000,put,False,107.0,0.0,0.75,0.54,136.82000732421875,1.9179691601562503,0.03705490886999391,0.01706621747553932,1.0,5,2025-07-21 17:06:10+00:00,2931.8972222222224,0.375,0.0
2025-11-20 21:00:00+00:00,2025-11-21 00:00:00+00:00,VT,VT251121P00108000,put,False,108.0,0.0,0.75,0.05,136.82000732421875,1.85546947265625,0.03705490886999391,0.01706621747553932,1.0,13,2025-11-03 20:37:12+00:00,408.38,0.375,0.0
2025-11-20 21:00:00+00:00,2025-11-21 00:00:00+00:00,VT,VT251121P00109000,put,False,109.0,0.0,1.2,0.15,136.82000732421875,1.9902344238281249,0.03705490886999391,0.01706621747553932,1.0,4,2025-09-19 19:34:51+00:00,1489.4191666666666,0.6,0.0
2025-11-20 21:00:00+00:00,2025-11-21 00:00:00+00:00,VT,VT251121P00110000,put,False,110.0,0.0,2.15,0.1,136.82000732421875,2.2382856542968748,0.03705490886999391,0.01706621747553932,1.0,17,2025-09-23 13:30:10+00:00,1399.4972222222223,1.075,0.0
2025-11-20 21:00:00+00:00,2025-11-21 00:00:00+00:00,VT,VT251121P00111000,put,False,111.0,2.7,3.9,4.7,136.82000732421875,3.1767598706054683,0.03705490886999391,0.01706621747553932,,2,2025-04-03 14:03:48+00:00,5550.9366666666665,3.3,0.0
2025-11-20 21:00:00+00:00,2025-11-21 00:00:00+00:00,VT,VT251121P00112000,put,False,112.0,0.0,0.9,1.36,136.82000732421875,1.669923525390625,0.03705490886999391,0.01706621747553932,1.0,18,2025-06-25 16:06:41+00:00,3556.888611111111,0.45,0.0
2025-11-20 21:00:00+00:00,2025-11-21 00:00:00+00:00,VT,VT251121P00113000,put,False,113.0,0.0,0.75,0.45,136.82000732421875,1.541017919921875,0.03705490886999391,0.01706621747553932,1.0,13,2025-08-21 16:04:46+00:00,2188.9205555555554,0.375,0.0
2025-11-20 21:00:00+00:00,2025-11-21 00:00:00+00:00,VT,VT251121P00114000,put,False,114.0,1.95,3.0,4.7,136.82000732421875,2.577151994628906,0.03705490886999391,0.01706621747553932,1.0,7,2025-05-01 18:17:28+00:00,4874.708888888889,2.475,0.0
2025-11-20 21:00:00+00:00,2025-11-21 00:00:00+00:00,VT,VT251121P00115000,put,False,115.0,0.0,0.3,0.01,136.82000732421875,1.1796916015624999,0.03705490886999391,0.01706621747553932,1.0,156,2025-11-07 14:44:11+00:00,318.2636111111111,0.15,0.0
2025-11-20 21:00:00+00:00,2025-11-21 00:00:00+00:00,VT,VT251121P00116000,put,False,116.0,0.0,2.15,0.15,136.82000732421875,1.79296978515625,0.03705490886999391,0.01706621747553932,1.0,5,2025-09-30 19:38:46+00:00,1225.3538888888888,1.075,0.0
2025-11-20 21:00:00+00:00,2025-11-21 00:00:00+00:00,VT,VT251121P00117000,put,False,117.0,0.0,0.75,0.1,136.82000732421875,1.2949254003906248,0.03705490886999391,0.01706621747553932,2.0,8,2025-11-06 18:25:34+00:00,338.5738888888889,0.375,0.0
2025-11-20 21:00:00+00:00,2025-11-21 00:00:00+00:00,VT,VT251121P00118000,put,False,118.0,0.0,2.15,0.25,136.82000732421875,1.64453302734375,0.03705490886999391,0.01706621747553932,2.0,6,2025-09-25 19:55:03+00:00,1345.0825,1.075,0.0
2025-11-20 21:00:00+00:00,2025-11-21 00:00:00+00:00,VT,VT251121P00119000,put,False,119.0,0.0,0.75,0.2,136.82000732421875,1.171879140625,0.03705490886999391,0.01706621747553932,20.0,30,2025-11-18 17:55:04+00:00,51.08222222222222,0.375,0.0
2025-11-20 21:00:00+00:00,2025-11-21 00:00:00+00:00,VT,VT251121P00120000,put,False,120.0,0.0,0.75,0.47,136.82000732421875,1.109379453125,0.03705490886999391,0.01706621747553932,1.0,89,2025-09-10 14:18:29+00:00,1710.6919444444445,0.375,0.0
2025-11-20 21:00:00+00:00,2025-11-21 00:00:00+00:00,VT,VT251121P00121000,put,False,121.0,0.0,0.4,0.35,136.82000732421875,0.9082040429687499,0.03705490886999391,0.01706621747553932,10.0,10,2025-10-10 15:24:49+00:00,989.5863888888889,0.2,0.0
2025-11-20 21:00:00+00:00,2025-11-21 00:00:00+00:00,VT,VT251121P00122000,put,False,122.0,0.0,2.15,0.25,136.82000732421875,1.3476595117187498,0.03705490886999391,0.01706621747553932,1.0,25,2025-10-09 16:22:37+00:00,1012.6230555555555,1.075,0.0
2025-11-20 21:00:00+00:00,2025-11-21 00:00:00+00:00,VT,VT251121P00123000,put,False,123.0,0.0,0.4,0.38,136.82000732421875,0.79687703125,0.03705490886999391,0.01706621747553932,1.0,4,2025-09-18 14:25:45+00:00,1518.5708333333334,0.2,0.0
2025-11-20 21:00:00+00:00,2025-11-21 00:00:00+00:00,VT,VT251121P00124000,put,False,124.0,0.0,0.0,1.26,136.82000732421875,0.2500075,0.03705490886999391,0.01706621747553932,3.0,14,2025-09-02 13:43:58+00:00,1903.2672222222222,0.0,0.0
2025-11-20 21:00:00+00:00,2025-11-21 00:00:00+00:00,VT,VT251121P00125000,put,False,125.0,0.0,0.4,0.29,136.82000732421875,0.6835969140625001,0.03705490886999391,0.01706621747553932,3.0,12,2025-10-03 19:22:32+00:00,1153.6244444444444,0.2,0.0
2025-11-20 21:00:00+00:00,2025-11-21 00:00:00+00:00,VT,VT251121P00126000,put,False,126.0,0.0,2.15,0.45,136.82000732421875,1.0444383715820313,0.03705490886999391,0.01706621747553932,8.0,9,2025-09-22 18:21:36+00:00,1418.64,1.075,0.0
2025-11-20 21:00:00+00:00,2025-11-21 00:00:00+00:00,VT,VT251121P00127000,put,False,127.0,0.0,0.25,0.04,136.82000732421875,0.5097705273437501,0.03705490886999391,0.01706621747553932,1.0,24,2025-11-17 20:57:10+00:00,72.04722222222222,0.125,0.0
2025-11-20 21:00:00+00:00,2025-11-21 00:00:00+00:00,VT,VT251121P00128000,put,False,128.0,0.0,0.75,0.14,136.82000732421875,0.6074258007812501,0.03705490886999391,0.01706621747553932,2.0,34,2025-11-14 17:20:07+00:00,147.66472222222222,0.375,0.0
2025-11-20 21:00:00+00:00,2025-11-21 00:00:00+00:00,VT,VT251121P00129000,put,False,129.0,0.0,0.75,0.72,136.82000732421875,0.5419967675781252,0.03705490886999391,0.01706621747553932,3.0,5,2025-10-17 18:41:36+00:00,818.3066666666666,0.375,0.0
2025-11-20 21:00:00+00:00,2025-11-21 00:00:00+00:00,VT,VT251121P00130000,put,False,130.0,0.0,0.15,0.05,136.82000732421875,0.36133451171875,0.03705490886999391,0.01706621747553932,10.0,238,2025-11-20 17:16:03+00:00,3.7325,0.075,0.0
2025-11-20 21:00:00+00:00,2025-11-21 00:00:00+00:00,VT,VT251121P00131000,put,False,131.0,0.0,0.3,0.1,136.82000732421875,0.37500625,0.03705490886999391,0.01706621747553932,1.0,12,2025-11-17 20:35:43+00:00,72.40472222222222,0.15,0.0
2025-11-20 21:00:00+00:00,2025-11-21 00:00:00+00:00,VT,VT251121P00132000,put,False,132.0,0.0,0.75,0.2,136.82000732421875,0.4555718505859375,0.03705490886999391,0.01706621747553932,1.0,20,2025-11-12 17:56:12+00:00,195.06333333333333,0.375,0.0
2025-11-20 21:00:00+00:00,2025-11-21 00:00:00+00:00,VT,VT251121P00133000,put,False,133.0,0.0,0.75,0.07,136.82000732421875,0.3676821044921875,0.03705490886999391,0.01706621747553932,20.0,66,2025-11-19 15:13:18+00:00,29.778333333333332,0.375,0.0
2025-11-20 21:00:00+00:00,2025-11-21 00:00:00+00:00,VT,VT251121P00134000,put,False,134.0,0.0,1.3,0.55,136.82000732421875,0.41309180664062495,0.03705490886999391,0.01706621747553932,35.0,68,2025-11-18 15:51:03+00:00,53.149166666666666,0.65,0.0
2025-11-20 21:00:00+00:00,2025-11-21 00:00:00+00:00,VT,VT251121P00135000,put,True,135.0,0.25,1.9,0.8,136.82000732421875,0.442388388671875,0.03705490886999391,0.01706621747553932,5.0,43,2025-11-20 19:40:37+00:00,1.3230555555555557,1.075,0.0
2025-11-20 21:00:00+00:00,2025-11-21 00:00:00+00:00,VT,VT251121P00136000,put,True,136.0,1.1,1.9,1.49,136.82000732421875,0.2890696093749999,0.03705490886999391,0.01706621747553932,163.0,136,2025-11-20 20:39:45+00:00,0.3375,1.5,0.0
2025-11-20 21:00:00+00:00,2025-11-21 00:00:00+00:00,VT,VT251121P00137000,put,True,137.0,0.9,3.7,0.2,136.82000732421875,0.5971719970703125,0.03705490886999391,0.01706621747553932,4.0,65,2025-11-17 18:01:34+00:00,74.9738888888889,2.3000000000000003,0.0
2025-11-20 21:00:00+00:00,2025-11-21 00:00:00+00:00,VT,VT251121P00138000,put,True,138.0,1.5,5.0,2.8,136.82000732421875,0.7685570019531252,0.03705490886999391,0.01706621747553932,52.0,238,2025-11-20 17:24:09+00:00,3.5975,3.25,0.0
2025-11-20 21:00:00+00:00,2025-11-21 00:00:00+00:00,VT,VT251121P00139000,put,True,139.0,3.0,5.0,0.6,136.82000732421875,0.5566450585937501,0.03705490886999391,0.01706621747553932,1.0,86,2025-11-19 20:23:58+00:00,24.600555555555555,4.0,0.0
2025-11-20 21:00:00+00:00,2025-11-21 00:00:00+00:00,VT,VT251121P00140000,put,True,140.0,3.3,6.2,2.75,136.82000732421875,0.6938507177734375,0.03705490886999391,0.01706621747553932,6.0,45,2025-11-18 18:40:51+00:00,50.31916666666667,4.75,0.0
2025-11-20 21:00:00+00:00,2025-11-21 00:00:00+00:00,VT,VT251121P00141000,put,True,141.0,4.6,7.3,1.88,136.82000732421875,0.797853583984375,0.03705490886999391,0.01706621747553932,60.0,26,2025-11-14 18:27:40+00:00,146.5388888888889,5.949999999999999,0.0
2025-11-20 21:00:00+00:00,2025-11-21 00:00:00+00:00,VT,VT251121P00142000,put,True,142.0,5.3,8.3,3.5,136.82000732421875,0.866212275390625,0.03705490886999391,0.01706621747553932,1.0,5,2025-11-06 15:37:39+00:00,341.3725,6.800000000000001,0.0
2025-11-20 21:00:00+00:00,2025-11-21 00:00:00+00:00,VT,VT251121P00144000,put,True,144.0,7.1,10.3,3.1,136.82000732421875,0.9970703417968749,0.03705490886999391,0.01706621747553932,2.0,7,2025-10-29 18:36:01+00:00,530.3997222222222,8.7,0.0
2025-11-20 21:00:00+00:00,2025-11-21 00:00:00+00:00,VT,VT251121P00145000,put,True,145.0,8.3,10.6,8.3,136.82000732421875,0.7460962890625,0.03705490886999391,0.01706621747553932,1.0,1,2025-11-18 16:28:34+00:00,52.52388888888889,9.45,0.0
2025-11-20 21:00:00+00:00,2025-11-21 00:00:00+00:00,VT,VT251121P00146000,put,True,146.0,8.7,12.0,11.1,136.82000732421875,0.999023447265625,0.03705490886999391,0.01706621747553932,,0,2025-09-08 19:47:40+00:00,1753.2055555555555,10.35,0.0
2025-11-20 21:00:00+00:00,2025-11-21 00:00:00+00:00,VT,VT251121P00150000,put,True,150.0,8.7,12.6,11.23,136.82000732421875,1.0000000000000003e-05,0.03705490886999391,0.01706621747553932,,0,2025-10-09 19:53:54+00:00,1009.1016666666667,10.649999999999999,0.0
2025-11-20 21:00:00+00:00,2025-11-21 00:00:00+00:00,VT,VT251121P00155000,put,True,155.0,18.1,21.4,18.3,136.82000732421875,1.6630876220703126,0.03705490886999391,0.01706621747553932,7.0,2,2025-11-19 19:21:23+00:00,25.64361111111111,19.75,0.0
2025-11-20 21:00:00+00:00,2025-11-21 00:00:00+00:00,VT,VT251121P00160000,put,True,160.0,23.2,26.2,20.13,136.82000732421875,1.8115243798828122,0.03705490886999391,0.01706621747553932,,0,2025-10-23 19:56:48+00:00,673.0533333333333,24.7,0.0
2025-11-20 21:00:00+00:00,2025-12-19 00:00:00+00:00,VT,VT251219C00120000,call,True,120.0,14.0,17.9,18.75,136.82000732421875,0.5918009570312501,0.03705490886999391,0.01706621747553932,18.0,18,2025-11-14 15:07:13+00:00,149.87972222222223,15.95,0.07671232876712329
2025-11-20 21:00:00+00:00,2025-12-19 00:00:00+00:00,VT,VT251219C00125000,call,True,125.0,10.1,13.1,15.16,136.82000732421875,0.48633326171875,0.03705490886999391,0.01706621747553932,,1,2025-11-04 19:11:47+00:00,385.80361111111114,11.6,0.07671232876712329
2025-11-20 21:00:00+00:00,2025-12-19 00:00:00+00:00,VT,VT251219C00130000,call,True,130.0,5.6,8.3,12.04,136.82000732421875,0.3714662463378906,0.03705490886999391,0.01706621747553932,,2,2025-11-03 20:54:21+00:00,408.0941666666667,6.95,0.07671232876712329
2025-11-20 21:00:00+00:00,2025-12-19 00:00:00+00:00,VT,VT251219C00131000,call,True,131.0,4.8,7.5,11.22,136.82000732421875,0.35767243896484374,0.03705490886999391,0.01706621747553932,,2,2025-10-30 19:54:52+00:00,505.0855555555556,6.15,0.07671232876712329
2025-11-20 21:00:00+00:00,2025-12-19 00:00:00+00:00,VT,VT251219C00133000,call,True,133.0,3.2,5.9,7.88,136.82000732421875,0.32581240600585937,0.03705490886999391,0.01706621747553932,,1,2025-11-04 15:15:46+00:00,389.7372222222222,4.550000000000001,0.07671232876712329
2025-11-20 21:00:00+00:00,2025-12-19 00:00:00+00:00,VT,VT251219C00135000,call,False,135.0,1.9,3.5,3.35,136.82000732421875,0.2356033471679687,0.03705490886999391,0.01706621747553932,4.0,1,2025-11-20 18:41:49+00:00,2.3030555555555554,2.7,0.07671232876712329
2025-11-20 21:00:00+00:00,2025-12-19 00:00:00+00:00,VT,VT251219C00136000,call,False,136.0,1.35,2.9,2.72,136.82000732421875,0.22595988891601562,0.03705490886999391,0.01706621747553932,6.0,29,2025-11-20 18:41:49+00:00,2.3030555555555554,2.125,0.07671232876712329
2025-11-20 21:00:00+00:00,2025-12-19 00:00:00+00:00,VT,VT251219C00137000,call,False,137.0,0.8,2.55,2.95,136.82000732421875,0.22974403076171873,0.03705490886999391,0.01706621747553932,14.0,13,2025-11-20 16:25:53+00:00,4.568611111111111,1.6749999999999998,0.07671232876712329
2025-11-20 21:00:00+00:00,2025-12-19 00:00:00+00:00,VT,VT251219C00138000,call,False,138.0,1.15,2.3,2.26,136.82000732421875,0.23780059082031246,0.03705490886999391,0.01706621747553932,12.0,35,2025-11-20 16:25:53+00:00,4.568611111111111,1.7249999999999999,0.07671232876712329
2025-11-20 21:00:00+00:00,2025-12-19 00:00:00+00:00,VT,VT251219C00139000,call,False,139.0,0.95,1.55,1.2,136.82000732421875,0.20752745605468748,0.03705490886999391,0.01706621747553932,8.0,9,2025-11-20 19:07:04+00:00,1.8822222222222222,1.25,0.07671232876712329
2025-11-20 21:00:00+00:00,2025-12-19 00:00:00+00:00,VT,VT251219C00140000,call,False,140.0,0.3,1.15,0.84,136.82000732421875,0.19727365234375,0.03705490886999391,0.01706621747553932,13.0,35,2025-11-20 19:55:24+00:00,1.0766666666666667,0.725,0.07671232876712329
2025-11-20 21:00:00+00:00,2025-12-19 00:00:00+00:00,VT,VT251219C00141000,call,False,141.0,0.5,1.05,0.8,136.82000732421875,0.20764952514648435,0.03705490886999391,0.01706621747553932,17.0,17,2025-11-20 14:52:19+00:00,6.128055555555555,0.775,0.07671232876712329
2025-11-20 21:00:00+00:00,2025-12-19 00:00:00+00:00,VT,VT251219C00142000,call,False,142.0,0.35,1.0,0.91,136.82000732421875,0.22095505615234373,0.03705490886999391,0.01706621747553932,2.0,28,2025-11-20 14:35:55+00:00,6.401388888888889,0.675,0.07671232876712329
2025-11-20 21:00:00+00:00,2025-12-19 00:00:00+00:00,VT,VT251219C00143000,call,False,143.0,0.0,0.7,0.36,136.82000732421875,0.20899228515624996,0.03705490886999391,0.01706621747553932,30.0,34,2025-11-20 19:55:11+00:00,1.0802777777777777,0.35,0.07671232876712329
2025-11-20 21:00:00+00:00,2025-12-19 00:00:00+00:00,VT,VT251219C00144000,call,False,144.0,0.1,0.4,0.3,136.82000732421875,0.1889729541015625,0.03705490886999391,0.01706621747553932,2.0,2,2025-11-19 19:57:24+00:00,25.043333333333333,0.25,0.07671232876712329
2025-11-20 21:00:00+00:00,2025-12-19 00:00:00+00:00,VT,VT251219C00145000,call,False,145.0,0.05,0.65,0.05,136.82000732421875,0.23413851806640623,0.03705490886999391,0.01706621747553932,1.0,21,2025-11-18 14:34:10+00:00,54.43055555555556,0.35000000000000003,0.07671232876712329
2025-11-20 21:00:00+00:00,2025-12-19 00:00:00+00:00,VT,VT251219C00146000,call,False,146.0,0.0,0.75,0.58,136.82000732421875,0.2600171655273438,0.03705490886999391,0.01706621747553932,1.0,2,2025-11-11 16:44:17+00:00,220.26194444444445,0.375,0.07671232876712329
2025-11-20 21:00:00+00:00,2025-12-19 00:00:00+00:00,VT,VT251219C00147000,call,False,147.0,0.0,0.75,0.44,136.82000732421875,0.27466545654296876,0.03705490886999391,0.01706621747553932,1.0,7,2025-11-11 20:39:41+00:00,216.3386111111111,0.375,0.07671232876712329
2025-11-20 21:00:00+00:00,2025-12-19 00:00:00+00:00,VT,VT251219C00148000,call,False,148.0,0.05,0.45,0.25,136.82000732421875,0.2500075,0.03705490886999391,0.01706621747553932,21.0,43,2025-11-14 15:41:06+00:00,149.315,0.25,0.07671232876712329
2025-11-20 21:00:00+00:00,2025-12-19 00:00:00+00:00,VT,VT251219C00150000,call,False,150.0,0.0,0.75,0.43,136.82000732421875,0.3166572241210937,0.03705490886999391,0.01706621747553932,,3,2025-10-27 14:00:49+00:00,582.9863888888889,0.375,0.07671232876712329
2025-11-20 21:00:00+00:00,2025-12-19 00:00:00+00:00,VT,VT251219P00125000,put,False,125.0,0.1,1.1,0.25,136.82000732421875,0.2919992675781249,0.03705490886999391,0.01706621747553932,2.0,10,2025-11-19 15:04:26+00:00,29.926111111111112,0.6000000000000001,0.07671232876712329
2025-11-20 21:00:00+00:00,2025-12-19 00:00:00+00:00,VT,VT251219P00128000,put,False,128.0,0.0,2.0,0.9,136.82000732421875,0.30664755859375,0.03705490886999391,0.01706621747553932,1.0,4,2025-11-19 17:37:37+00:00,27.373055555555556,1.0,0.07671232876712329
2025-11-20 21:00:00+00:00,2025-12-19 00:00:00+00:00,VT,VT251219P00129000,put,False,129.0,0.05,1.65,0.62,136.82000732421875,0.25586681640625003,0.03705490886999391,0.01706621747553932,2.0,3,2025-11-14 17:20:07+00:00,147.66472222222222,0.85,0.07671232876712329
2025-11-20 21:00:00+00:00,2025-12-19 00:00:00+00:00,VT,VT251219P00130000,put,False,130.0,0.85,2.0,1.34,136.82000732421875,0.2590406127929688,0.03705490886999391,0.01706621747553932,31.0,62,2025-11-20 19:55:24+00:00,1.0766666666666667,1.425,0.07671232876712329
2025-11-20 21:00:00+00:00,2025-12-19 00:00:00+00:00,VT,VT251219P00131000,put,False,131.0,0.45,3.0,0.6,136.82000732421875,0.304694453125,0.03705490886999391,0.01706621747553932,2.0,7,2025-11-20 14:40:54+00:00,6.318333333333333,1.725,0.07671232876712329
2025-11-20 21:00:00+00:00,2025-12-19 00:00:00+00:00,VT,VT251219P00132000,put,False,132.0,1.2,2.2,2.08,136.82000732421875,0.2224198852539062,0.03705490886999391,0.01706621747553932,3.0,7,2025-11-18 16:44:40+00:00,52.25555555555555,1.7000000000000002,0.07671232876712329
2025-11-20 21:00:00+00:00,2025-12-19 00:00:00+00:00,VT,VT251219P00133000,put,False,133.0,0.95,3.2,1.64,136.82000732421875,0.2617261328125,0.03705490886999391,0.01706621747553932,7.0,13,2025-11-19 19:17:46+00:00,25.70388888888889,2.075,0.07671232876712329
2025-11-20 21:00:00+00:00,2025-12-19 00:00:00+00:00,VT,VT251219P00134000,put,False,134.0,1.8,2.95,1.25,136.82000732421875,0.21497367065429687,0.03705490886999391,0.01706621747553932,1.0,6,2025-11-20 20:26:44+00:00,0.5544444444444444,2.375,0.07671232876712329
2025-11-20 21:00:00+00:00,2025-12-19 00:00:00+00:00,VT,VT251219P00135000,put,True,135.0,1.95,4.1,3.2,136.82000732421875,0.25708750732421876,0.03705490886999391,0.01706621747553932,10.0,62,2025-11-20 20:49:25+00:00,0.1763888888888889,3.025,0.07671232876712329
2025-11-20 21:00:00+00:00,2025-12-19 00:00:00+00:00,VT,VT251219P00136000,put,True,136.0,2.05,4.7,2.78,136.82000732421875,0.2606275109863281,0.03705490886999391,0.01706621747553932,9.0,43,2025-11-18 17:32:57+00:00,51.450833333333335,3.375,0.07671232876712329
2025-11-20 21:00:00+00:00,2025-12-19 00:00:00+00:00,VT,VT251219P00137000,put,True,137.0,2.5,5.0,1.85,136.82000732421875,0.24182887084960938,0.03705490886999391,0.01706621747553932,2.0,42,2025-11-17 14:42:07+00:00,78.29805555555555,3.75,0.07671232876712329
2025-11-20 21:00:00+00:00,2025-12-19 00:00:00+00:00,VT,VT251219P00138000,put,True,138.0,3.0,5.9,2.0,136.82000732421875,0.2602613037109375,0.03705490886999391,0.01706621747553932,1.0,23,2025-11-20 14:37:19+00:00,6.378055555555555,4.45,0.07671232876712329
2025-11-20 21:00:00+00:00,2025-12-19 00:00:00+00:00,VT,VT251219P00139000,put,True,139.0,3.3,6.4,2.09,136.82000732421875,0.24915301635742187,0.03705490886999391,0.01706621747553932,12.0,5,2025-11-13 15:52:55+00:00,173.11805555555554,4.85,0.07671232876712329
2025-11-20 21:00:00+00:00,2025-12-19 00:00:00+00:00,VT,VT251219P00140000,put,True,140.0,4.4,6.9,4.56,136.82000732421875,0.23438265625,0.03705490886999391,0.01706621747553932,4.0,28,2025-11-18 17:51:40+00:00,51.138888888888886,5.65,0.07671232876712329
2025-11-20 21:00:00+00:00,2025-12-19 00:00:00+00:00,VT,VT251219P00141000,put,True,141.0,5.2,8.0,2.2,136.82000732421875,0.2620923400878906,0.03705490886999391,0.01706621747553932,2.0,14,2025-11-12 15:40:51+00:00,197.31916666666666,6.6,0.07671232876712329
2025-11-20 21:00:00+00:00,2025-12-19 00:00:00+00:00,VT,VT251219P00142000,put,True,142.0,6.1,8.8,6.2,136.82000732421875,0.2657544128417969,0.03705490886999391,0.01706621747553932,1.0,2,2025-11-18 20:49:35+00:00,48.173611111111114,7.45,0.07671232876712329
2025-11-20 21:00:00+00:00,2025-12-19 00:00:00+00:00,VT,VT251219P00144000,put,True,144.0,7.5,10.3,4.5,136.82000732421875,0.25757578369140627,0.03705490886999391,0.01706621747553932,,2,2025-11-03 14:30:01+00:00,414.4997222222222,8.9,0.07671232876712329
2025-11-20 21:00:00+00:00,2025-12-19 00:00:00+00:00,VT,VT251219P00148000,put,True,148.0,11.2,15.1,8.38,136.82000732421875,0.3957579956054688,0.03705490886999391,0.01706621747553932,,3,2025-11-13 17:15:40+00:00,171.73888888888888,13.149999999999999,0.07671232876712329
2025-11-20 21:00:00+00:00,2026-02-20 00:00:00+00:00,VT,VT260220C00085000,call,True,85.0,48.2,52.4,57.1,136.82000732421875,0.5449264257812501,0.03705490886999391,0.01706621747553932,1.0,11,2025-10-28 14:17:15+00:00,558.7125,50.3,0.2493150684931507
2025-11-20 21:00:00+00:00,2026-02-20 00:00:00+00:00,VT,VT260220C00090000,call,True,90.0,46.8,50.6,46.6,136.82000732421875,0.8227556787109375,0.03705490886999391,0.01706621747553932,19.0,23,2025-09-17 18:55:07+00:00,1538.0813888888888,48.7,0.2493150684931507
2025-11-20 21:00:00+00:00,2026-02-20 00:00:00+00:00,VT,VT260220C00100000,call,True,100.0,34.3,37.4,39.2,136.82000732421875,0.5765423205566407,0.03705490886999391,0.01706621747553932,2.0,18,2025-11-17 16:44:48+00:00,76.25333333333333,35.849999999999994,0.2493150684931507
2025-11-20 21:00:00+00:00,2026-02-20 00:00:00+00:00,VT,VT260220C00105000,call,True,105.0,32.9,36.2,33.25,136.82000732421875,0.6400792828369142,0.03705490886999391,0.01706621747553932,10.0,72,2025-09-16 15:42:54+00:00,1565.285,34.55,0.2493150684931507
2025-11-20 21:00:00+00:00,2026-02-20 00:00:00+00:00,VT,VT260220C00110000,call,True,110.0,25.0,27.9,29.6,136.82000732421875,0.47192910888671874,0.03705490886999391,0.01706621747553932,1.0,75,2025-11-17 16:50:22+00:00,76.16055555555556,26.45,0.2493150684931507
2025-11-20 21:00:00+00:00,2026-02-20 00:00:00+00:00,VT,VT260220C00115000,call,True,115.0,20.2,23.4,27.85,136.82000732421875,0.4304866522216797,0.03705490886999391,0.01706621747553932,1.0,31,2025-10-28 17:51:30+00:00,555.1416666666667,21.799999999999997,0.2493150684931507
2025-11-20 21:00:00+00:00,2026-02-20 00:00:00+00:00,VT,VT260220C00116000,call,True,116.0,21.4,23.6,19.97,136.82000732421875,0.47632359619140624,0.03705490886999391,0.01706621747553932,,4,2025-08-13 14:06:54+00:00,2382.885,22.5,0.2493150684931507
2025-11-20 21:00:00+00:00,2026-02-20 00:00:00+00:00,VT,VT260220C00117000,call,True,117.0,17.8,20.2,14.9,136.82000732421875,0.33899586791992187,0.03705490886999391,0.01706621747553932,1.0,1,2025-08-01 19:11:04+00:00,2665.8155555555554,19.0,0.2493150684931507
2025-11-20 21:00:00+00:00,2026-02-20 00:00:00+00:00,VT,VT260220C00119000,call,True,119.0,0.0,0.0,14.27,136.82000732421875,1.0000000000000003e-05,0.03705490886999391,0.01706621747553932,1.0,2,2025-08-04 19:21:59+00:00,2593.633611111111,0.0,0.2493150684931507
2025-11-20 21:00:00+00:00,2026-02-20 00:00:00+00:00,VT,VT260220C00120000,call,True,120.0,15.2,18.7,20.0,136.82000732421875,0.37476211181640623,0.03705490886999391,0.01706621747553932,1.0,11,2025-11-17 15:05:59+00:00,77.90027777777777,16.95,0.2493150684931507
2025-11-20 21:00:00+00:00,2026-02-20 00:00:00+00:00,VT,VT260220C00121000,call,True,121.0,14.9,18.0,17.2,136.82000732421875,0.3742738354492187,0.03705490886999391,0.01706621747553932,1.0,4,2025-11-18 18:52:20+00:00,50.12777777777778,16.45,0.2493150684931507
2025-11-20 21:00:00+00:00,2026-02-20 00:00:00+00:00,VT,VT260220C00122000,call,True,122.0,13.9,16.8,17.29,136.82000732421875,0.3505924316406249,0.03705490886999391,0.01706621747553932,2.0,6,2025-10-24 15:05:45+00:00,653.9041666666667,15.350000000000001,0.2493150684931507
2025-11-20 21:00:00+00:00,2026-02-20 00:00:00+00:00,VT,VT260220C00123000,call,True,123.0,12.6,16.3,19.4,136.82000732421875,0.35822174987792965,0.03705490886999391,0.01706621747553932,8.0,165,2025-11-03 20:21:47+00:00,408.63694444444445,14.45,0.2493150684931507
2025-11-20 21:00:00+00:00,2026-02-20 00:00:00+00:00,VT,VT260220C00124000,call,True,124.0,14.5,18.6,15.69,136.82000732421875,0.4815725671386719,0.03705490886999391,0.01706621747553932,1.0,4,2025-09-26 13:50:55+00:00,1327.151388888889,16.55,0.2493150684931507
2025-11-20 21:00:00+00:00,2026-02-20 00:00:00+00:00,VT,VT260220C00125000,call,True,125.0,11.4,14.5,13.9,136.82000732421875,0.33667655517578127,0.03705490886999391,0.01706621747553932,4.0,39,2025-11-18 16:03:33+00:00,52.94083333333333,12.95,0.2493150684931507
2025-11-20 21:00:00+00:00,2026-02-20 00:00:00+00:00,VT,VT260220C00126000,call,True,126.0,10.5,13.6,12.95,136.82000732421875,0.3254461987304687,0.03705490886999391,0.01706621747553932,3.0,6,2025-11-18 15:55:38+00:00,53.07277777777778,12.05,0.2493150684931507
2025-11-20 21:00:00+00:00,2026-02-20 00:00:00+00:00,VT,VT260220C00127000,call,True,127.0,9.7,13.0,11.86,136.82000732421875,0.3262396478271484,0.03705490886999391,0.01706621747553932,1.0,2,2025-11-07 14:30:22+00:00,318.4938888888889,11.35,0.2493150684931507
2025-11-20 21:00:00+00:00,2026-02-20 00:00:00+00:00,VT,VT260220C00128000,call,True,128.0,8.9,12.2,12.65,136.82000732421875,0.3182441223144531,0.03705490886999391,0.01706621747553932,2.0,20,2025-11-14 14:39:49+00:00,150.33638888888888,10.55,0.2493150684931507
2025-11-20 21:00:00+00:00,2026-02-20 00:00:00+00:00,VT,VT260220C00129000,call,True,129.0,8.2,11.4,11.08,136.82000732421875,0.30982135498046875,0.03705490886999391,0.01706621747553932,2.0,5,2025-11-20 16:42:55+00:00,4.284722222222222,9.8,0.2493150684931507
2025-11-20 21:00:00+00:00,2026-02-20 00:00:00+00:00,VT,VT260220C00130000,call,True,130.0,7.6,10.4,11.82,136.82000732421875,0.29315892395019527,0.03705490886999391,0.01706621747553932,2.0,21,2025-11-14 16:48:53+00:00,148.18527777777777,9.0,0.2493150684931507
2025-11-20 21:00:00+00:00,2026-02-20 00:00:00+00:00,VT,VT260220C00131000,call,True,131.0,6.7,9.9,13.4,136.82000732421875,0.29529513305664057,0.03705490886999391,0.01706621747553932,4.0,17,2025-10-29 15:46:39+00:00,533.2225,8.3,0.2493150684931507
2025-11-20 21:00:00+00:00,2026-02-20 00:00:00+00:00,VT,VT260220C00132000,call,True,132.0,7.5,10.5,8.41,136.82000732421875,0.3380803497314453,0.03705490886999391,0.01706621747553932,5.0,13,2025-09-12 17:58:22+00:00,1659.0272222222222,9.0,0.2493150684931507
2025-11-20 21:00:00+00:00,2026-02-20 00:00:00+00:00,VT,VT260220C00133000,call,True,133.0,5.4,8.5,8.95,136.82000732421875,0.282233740234375,0.03705490886999391,0.01706621747553932,2.0,21,2025-11-14 20:49:55+00:00,144.16805555555555,6.95,0.2493150684931507
2025-11-20 21:00:00+00:00,2026-02-20 00:00:00+00:00,VT,VT260220C00134000,call,True,134.0,4.6,7.6,7.13,136.82000732421875,0.26734131103515624,0.03705490886999391,0.01706621747553932,1.0,10,2025-11-19 17:45:17+00:00,27.245277777777776,6.1,0.2493150684931507
2025-11-20 21:00:00+00:00,2026-02-20 00:00:00+00:00,VT,VT260220C00135000,call,False,135.0,4.5,5.6,5.75,136.82000732421875,0.2111895288085937,0.03705490886999391,0.01706621747553932,1.0,65,2025-11-18 16:12:31+00:00,52.79138888888889,5.05,0.2493150684931507
2025-11-20 21:00:00+00:00,2026-02-20 00:00:00+00:00,VT,VT260220C00136000,call,False,136.0,4.9,7.8,5.67,136.82000732421875,0.30914997497558594,0.03705490886999391,0.01706621747553932,2.0,3,2025-09-12 14:13:26+00:00,1662.776111111111,6.35,0.2493150684931507
2025-11-20 21:00:00+00:00,2026-02-20 00:00:00+00:00,VT,VT260220C00137000,call,False,137.0,2.8,5.7,4.7,136.82000732421875,0.24768818725585937,0.03705490886999391,0.01706621747553932,2.0,12,2025-11-18 20:58:58+00:00,48.01722222222222,4.25,0.2493150684931507
2025-11-20 21:00:00+00:00,2026-02-20 00:00:00+00:00,VT,VT260220C00138000,call,False,138.0,3.5,7.4,5.1,136.82000732421875,0.3258734405517578,0.03705490886999391,0.01706621747553932,1.0,9,2025-09-30 13:55:20+00:00,1231.0777777777778,5.45,0.2493150684931507
2025-11-20 21:00:00+00:00,2026-02-20 00:00:00+00:00,VT,VT260220C00139000,call,False,139.0,1.95,4.8,4.0,136.82000732421875,0.2439650799560547,0.03705490886999391,0.01706621747553932,1.0,8,2025-11-19 15:19:22+00:00,29.677222222222223,3.375,0.2493150684931507
2025-11-20 21:00:00+00:00,2026-02-20 00:00:00+00:00,VT,VT260220C00140000,call,False,140.0,1.6,4.2,5.3,136.82000732421875,0.23499300170898438,0.03705490886999391,0.01706621747553932,6.0,41,2025-11-11 20:39:30+00:00,216.34166666666667,2.9000000000000004,0.2493150684931507
2025-11-20 21:00:00+00:00,2026-02-20 00:00:00+00:00,VT,VT260220C00141000,call,False,141.0,1.3,4.0,3.8,136.82000732421875,0.24048611083984373,0.03705490886999391,0.01706621747553932,2.0,9,2025-11-04 18:16:28+00:00,386.72555555555556,2.65,0.2493150684931507
2025-11-20 21:00:00+00:00,2026-02-20 00:00:00+00:00,VT,VT260220C00142000,call,False,142.0,0.95,3.6,2.8,136.82000732421875,0.23731231445312498,0.03705490886999391,0.01706621747553932,5.0,52,2025-11-14 14:37:17+00:00,150.3786111111111,2.275,0.2493150684931507
2025-11-20 21:00:00+00:00,2026-02-20 00:00:00+00:00,VT,VT260220C00143000,call,False,143.0,1.0,2.25,1.4,136.82000732421875,0.19348951049804688,0.03705490886999391,0.01706621747553932,1.0,12,2025-11-13 14:41:22+00:00,174.31055555555557,1.625,0.2493150684931507
2025-11-20 21:00:00+00:00,2026-02-20 00:00:00+00:00,VT,VT260220C00144000,call,False,144.0,0.0,0.0,2.05,136.82000732421875,0.0312596875,0.03705490886999391,0.01706621747553932,,1,2025-09-16 13:30:01+00:00,1567.4997222222223,0.0,0.2493150684931507
2025-11-20 21:00:00+00:00,2026-02-20 00:00:00+00:00,VT,VT260220C00145000,call,False,145.0,0.3,2.4,1.7,136.82000732421875,0.2215654016113281,0.03705490886999391,0.01706621747553932,11.0,27,2025-11-17 20:18:14+00:00,72.69611111111111,1.3499999999999999,0.2493150684931507
2025-11-20 21:00:00+00:00,2026-02-20 00:00:00+00:00,VT,VT260220C00150000,call,False,150.0,0.2,1.15,1.05,136.82000732421875,0.20557435058593748,0.03705490886999391,0.01706621747553932,6.0,22,2025-11-12 17:58:18+00:00,195.02833333333334,0.6749999999999999,0.2493150684931507
2025-11-20 21:00:00+00:00,2026-02-20 00:00:00+00:00,VT,VT260220C00155000,call,False,155.0,0.0,1.4,0.36,136.82000732421875,0.2608716491699219,0.03705490886999391,0.01706621747553932,,10,2025-11-12 15:48:00+00:00,197.2,0.7,0.2493150684931507
2025-11-20 21:00:00+00:00,2026-02-20 00:00:00+00:00,VT,VT260220P00090000,put,False,90.0,0.0,0.6,0.45,136.82000732421875,0.49268085449218757,0.03705490886999391,0.01706621747553932,1.0,1,2025-06-27 16:09:08+00:00,3508.847777777778,0.3,0.2493150684931507
2025-11-20 21:00:00+00:00,2026-02-20 00:00:00+00:00,VT,VT260220P00100000,put,False,100.0,0.0,1.95,0.83,136.82000732421875,0.5212450219726561,0.03705490886999391,0.01706621747553932,2.0,4,2025-10-06 14:14:10+00:00,1086.763888888889,0.975,0.2493150684931507
2025-11-20 21:00:00+00:00,2026-02-20 00:00:00+00:00,VT,VT260220P00105000,put,False,105.0,0.0,1.0,0.5,136.82000732421875,0.3764710791015625,0.03705490886999391,0.01706621747553932,24.0,16,2025-09-23 19:02:59+00:00,1393.9502777777777,0.5,0.2493150684931507
2025-11-20 21:00:00+00:00,2026-02-20 00:00:00+00:00,VT,VT260220P00110000,put,False,110.0,0.1,1.8,0.7,136.82000732421875,0.3845276391601562,0.03705490886999391,0.01706621747553932,1.0,9,2025-11-07 17:32:23+00:00,315.4602777777778,0.9500000000000001,0.2493150684931507
2025-11-20 21:00:00+00:00,2026-02-20 00:00:00+00:00,VT,VT260220P00115000,put,False,115.0,0.05,1.95,0.45,136.82000732421875,0.3336248278808594,0.03705490886999391,0.01706621747553932,1.0,44,2025-10-29 15:24:54+00:00,533.585,1.0,0.2493150684931507
2025-11-20 21:00:00+00:00,2026-02-20 00:00:00+00:00,VT,VT260220P00116000,put,False,116.0,0.65,1.2,0.65,136.82000732421875,0.27210200561523434,0.03705490886999391,0.01706621747553932,1.0,17,2025-11-19 20:17:55+00:00,24.70138888888889,0.925,0.2493150684931507
2025-11-20 21:00:00+00:00,2026-02-20 00:00:00+00:00,VT,VT260220P00117000,put,False,117.0,0.75,1.8,2.1,136.82000732421875,0.3001778967285156,0.03705490886999391,0.01706621747553932,1.0,1,2025-08-01 19:03:25+00:00,2665.9430555555555,1.275,0.2493150684931507
2025-11-20 21:00:00+00:00,2026-02-20 00:00:00+00:00,VT,VT260220P00118000,put,False,118.0,0.2,1.95,0.8,136.82000732421875,0.2970041003417968,0.03705490886999391,0.01706621747553932,1.0,4,2025-10-20 19:39:18+00:00,745.345,1.075,0.2493150684931507
2025-11-20 21:00:00+00:00,2026-02-20 00:00:00+00:00,VT,VT260220P00119000,put,False,119.0,0.25,2.0,0.57,136.82000732421875,0.28766581481933584,0.03705490886999391,0.01706621747553932,1.0,3,2025-10-27 13:30:04+00:00,583.4988888888889,1.125,0.2493150684931507
2025-11-20 21:00:00+00:00,2026-02-20 00:00:00+00:00,VT,VT260220P00120000,put,False,120.0,0.3,2.05,1.1,136.82000732421875,0.27808339111328123,0.03705490886999391,0.01706621747553932,4.0,23,2025-11-18 14:30:05+00:00,54.49861111111111,1.1749999999999998,0.2493150684931507
2025-11-20 21:00:00+00:00,2026-02-20 00:00:00+00:00,VT,VT260220P00121000,put,False,121.0,0.35,2.1,1.2,136.82000732421875,0.2683788983154296,0.03705490886999391,0.01706621747553932,1.0,3,2025-11-18 15:41:10+00:00,53.31388888888889,1.225,0.2493150684931507
2025-11-20 21:00:00+00:00,2026-02-20 00:00:00+00:00,VT,VT260220P00122000,put,False,122.0,0.4,2.2,0.75,136.82000732421875,0.26099371826171874,0.03705490886999391,0.01706621747553932,5.0,7,2025-11-10 16:51:41+00:00,244.13861111111112,1.3,0.2493150684931507
2025-11-20 21:00:00+00:00,2026-02-20 00:00:00+00:00,VT,VT260220P00123000,put,False,123.0,0.5,2.3,1.07,136.82000732421875,0.2533033654785156,0.03705490886999391,0.01706621747553932,1.0,11,2025-11-06 16:10:38+00:00,340.8227777777778,1.4,0.2493150684931507
2025-11-20 21:00:00+00:00,2026-02-20 00:00:00+00:00,VT,VT260220P00124000,put,False,124.0,1.15,1.95,2.0,136.82000732421875,0.22309126525878903,0.03705490886999391,0.01706621747553932,1.0,2,2025-08-28 14:40:29+00:00,2022.3252777777777,1.5499999999999998,0.2493150684931507
2025-11-20 21:00:00+00:00,2026-02-20 00:00:00+00:00,VT,VT260220P00125000,put,False,125.0,0.65,2.8,1.46,136.82000732421875,0.2506788800048828,0.03705490886999391,0.01706621747553932,5.0,15,2025-11-07 16:05:37+00:00,316.9063888888889,1.7249999999999999,0.2493150684931507
2025-11-20 21:00:00+00:00,2026-02-20 00:00:00+00:00,VT,VT260220P00126000,put,False,126.0,0.0,3.4,1.95,136.82000732421875,0.2633130310058594,0.03705490886999391,0.01706621747553932,1.0,5,2025-10-13 13:30:07+00:00,919.4980555555555,1.7,0.2493150684931507
2025-11-20 21:00:00+00:00,2026-02-20 00:00:00+00:00,VT,VT260220P00127000,put,False,127.0,0.95,3.2,1.15,136.82000732421875,0.24036404174804685,0.03705490886999391,0.01706621747553932,5.0,6,2025-11-10 16:51:41+00:00,244.13861111111112,2.075,0.2493150684931507
2025-11-20 21:00:00+00:00,2026-02-20 00:00:00+00:00,VT,VT260220P00128000,put,False,128.0,1.1,3.0,1.4,136.82000732421875,0.21753712158203126,0.03705490886999391,0.01706621747553932,22.0,13,2025-10-29 15:40:37+00:00,533.3230555555556,2.05,0.2493150684931507
2025-11-20 21:00:00+00:00,2026-02-20 00:00:00+00:00,VT,VT260220P00129000,put,False,129.0,2.1,3.0,2.1,136.82000732421875,0.2030108996582031,0.03705490886999391,0.01706621747553932,1.0,44,2025-11-18 14:30:06+00:00,54.498333333333335,2.55,0.2493150684931507
2025-11-20 21:00:00+00:00,2026-02-20 00:00:00+00:00,VT,VT260220P00130000,put,False,130.0,1.4,3.2,1.55,136.82000732421875,0.196297099609375,0.03705490886999391,0.01706621747553932,1.0,109,2025-10-29 15:39:49+00:00,533.3363888888889,2.3,0.2493150684931507
2025-11-20 21:00:00+00:00,2026-02-20 00:00:00+00:00,VT,VT260220P00131000,put,False,131.0,2.2,5.0,3.0,136.82000732421875,0.2506788800048828,0.03705490886999391,0.01706621747553932,1.0,20,2025-11-20 18:13:18+00:00,2.7783333333333333,3.6,0.2493150684931507
2025-11-20 21:00:00+00:00,2026-02-20 00:00:00+00:00,VT,VT260220P00132000,put,False,132.0,2.0,4.8,3.0,136.82000732421875,0.2260819580078125,0.03705490886999391,0.01706621747553932,2.0,13,2025-11-18 14:51:40+00:00,54.138888888888886,3.4,0.2493150684931507
2025-11-20 21:00:00+00:00,2026-02-20 00:00:00+00:00,VT,VT260220P00133000,put,False,133.0,1.85,2.7,2.66,136.82000732421875,0.12983047912597656,0.03705490886999391,0.01706621747553932,5.0,6,2025-10-03 15:44:37+00:00,1157.256388888889,2.2750000000000004,0.2493150684931507
2025-11-20 21:00:00+00:00,2026-02-20 00:00:00+00:00,VT,VT260220P00134000,put,False,134.0,1.5,4.0,3.03,136.82000732421875,0.16108016662597657,0.03705490886999391,0.01706621747553932,1.0,16,2025-09-29 14:51:58+00:00,1254.1338888888888,2.75,0.2493150684931507
2025-11-20 21:00:00+00:00,2026-02-20 00:00:00+00:00,VT,VT260220P00135000,put,True,135.0,3.8,4.9,3.61,136.82000732421875,0.17554535400390625,0.03705490886999391,0.01706621747553932,2.0,4,2025-11-19 20:42:25+00:00,24.293055555555554,4.35,0.2493150684931507
2025-11-20 21:00:00+00:00,2026-02-20 00:00:00+00:00,VT,VT260220P00136000,put,True,136.0,4.2,5.4,4.02,136.82000732421875,0.1739584558105469,0.03705490886999391,0.01706621747553932,1.0,71,2025-11-07 17:00:01+00:00,315.9997222222222,4.800000000000001,0.2493150684931507
2025-11-20 21:00:00+00:00,2026-02-20 00:00:00+00:00,VT,VT260220P00137000,put,True,137.0,3.8,6.5,4.28,136.82000732421875,0.19342847595214846,0.03705490886999391,0.01706621747553932,1.0,2,2025-11-19 20:21:24+00:00,24.643333333333334,5.15,0.2493150684931507
2025-11-20 21:00:00+00:00,2026-02-20 00:00:00+00:00,VT,VT260220P00138000,put,True,138.0,4.4,8.0,4.0,136.82000732421875,0.22705851074218747,0.03705490886999391,0.01706621747553932,5.0,22,2025-11-19 17:18:30+00:00,27.691666666666666,6.2,0.2493150684931507
2025-11-20 21:00:00+00:00,2026-02-20 00:00:00+00:00,VT,VT260220P00139000,put,True,139.0,4.6,7.6,4.3,136.82000732421875,0.18842364318847654,0.03705490886999391,0.01706621747553932,1.0,4,2025-11-17 16:24:57+00:00,76.58416666666666,6.1,0.2493150684931507
2025-11-20 21:00:00+00:00,2026-02-20 00:00:00+00:00,VT,VT260220P00140000,put,True,140.0,5.4,8.3,4.8,136.82000732421875,0.18994950683593753,0.03705490886999391,0.01706621747553932,1.0,16,2025-11-17 16:24:57+00:00,76.58416666666666,6.8500000000000005,0.2493150684931507
2025-11-20 21:00:00+00:00,2026-02-20 00:00:00+00:00,VT,VT260220P00141000,put,True,141.0,5.6,9.3,3.75,136.82000732421875,0.20252262329101559,0.03705490886999391,0.01706621747553932,1.0,1,2025-11-11 18:54:37+00:00,218.08972222222224,7.45,0.2493150684931507
2025-11-20 21:00:00+00:00,2026-02-20 00:00:00+00:00,VT,VT260220P00142000,put,True,142.0,6.7,9.6,4.13,136.82000732421875,0.18586019226074219,0.03705490886999391,0.01706621747553932,1.0,2,2025-11-11 18:54:37+00:00,218.08972222222224,8.15,0.2493150684931507
2025-11-20 21:00:00+00:00,2026-02-20 00:00:00+00:00,VT,VT260220P00144000,put,True,144.0,8.0,11.3,5.9,136.82000732421875,0.1947102014160156,0.03705490886999391,0.01706621747553932,1.0,2,2025-11-10 14:30:01+00:00,246.49972222222223,9.65,0.2493150684931507
2025-11-20 21:00:00+00:00,2026-02-20 00:00:00+00:00,VT,VT260220P00150000,put,True,150.0,0.0,0.0,16.6,136.82000732421875,1.0000000000000003e-05,0.03705490886999391,0.01706621747553932,,0,2025-08-18 19:32:26+00:00,2257.4594444444447,0.0,0.2493150684931507
2025-11-20 21:00:00+00:00,2026-05-15 00:00:00+00:00,VT,VT260515C00085000,call,True,85.0,49.4,52.7,54.4,136.82000732421875,0.5972940661621093,0.03705490886999391,0.01706621747553932,2.0,7,2025-11-17 16:44:17+00:00,76.26194444444444,51.05,0.4794520547945205
2025-11-20 21:00:00+00:00,2026-05-15 00:00:00+00:00,VT,VT260515C00105000,call,True,105.0,30.1,33.8,36.0,136.82000732421875,0.4322566540527344,0.03705490886999391,0.01706621747553932,1.0,4,2025-10-31 13:42:00+00:00,487.3,31.95,0.4794520547945205
2025-11-20 21:00:00+00:00,2026-05-15 00:00:00+00:00,VT,VT260515C00110000,call,True,110.0,25.9,29.2,29.2,136.82000732421875,0.39502558105468755,0.03705490886999391,0.01706621747553932,1.0,53,2025-11-13 19:30:18+00:00,169.495,27.549999999999997,0.4794520547945205
2025-11-20 21:00:00+00:00,2026-05-15 00:00:00+00:00,VT,VT260515C00115000,call,True,115.0,21.1,24.6,24.11,136.82000732421875,0.35608554077148435,0.03705490886999391,0.01706621747553932,2.0,41,2025-11-18 19:05:46+00:00,49.903888888888886,22.85,0.4794520547945205
2025-11-20 21:00:00+00:00,2026-05-15 00:00:00+00:00,VT,VT260515C00120000,call,True,120.0,17.7,20.3,19.88,136.82000732421875,0.32483585327148434,0.03705490886999391,0.01706621747553932,1.0,38,2025-11-18 19:04:01+00:00,49.933055555555555,19.0,0.4794520547945205
2025-11-20 21:00:00+00:00,2026-05-15 00:00:00+00:00,VT,VT260515C00125000,call,True,125.0,13.6,16.3,18.7,136.82000732421875,0.298285825805664,0.03705490886999391,0.01706621747553932,1.0,12,2025-11-10 20:20:24+00:00,240.66,14.95,0.4794520547945205
2025-11-20 21:00:00+00:00,2026-05-15 00:00:00+00:00,VT,VT260515C00127000,call,True,127.0,11.1,14.7,17.5,136.82000732421875,0.2859568475341796,0.03705490886999391,0.01706621747553932,1.0,11,2025-10-31 14:15:16+00:00,486.74555555555554,12.899999999999999,0.4794520547945205
2025-11-20 21:00:00+00:00,2026-05-15 00:00:00+00:00,VT,VT260515C00129000,call,True,129.0,10.0,13.2,14.5,136.82000732421875,0.27545890563964837,0.03705490886999391,0.01706621747553932,10.0,7,2025-10-22 14:04:51+00:00,702.9191666666667,11.6,0.4794520547945205
2025-11-20 21:00:00+00:00,2026-05-15 00:00:00+00:00,VT,VT260515C00130000,call,True,130.0,9.5,12.4,11.74,136.82000732421875,0.2683178637695312,0.03705490886999391,0.01706621747553932,6.0,34,2025-11-20 17:07:05+00:00,3.8819444444444446,10.95,0.4794520547945205
2025-11-20 21:00:00+00:00,2026-05-15 00:00:00+00:00,VT,VT260515C00132000,call,True,132.0,7.6,11.0,10.39,136.82000732421875,0.25867440551757814,0.03705490886999391,0.01706621747553932,3.0,5,2025-11-20 17:35:16+00:00,3.4122222222222223,9.3,0.4794520547945205
2025-11-20 21:00:00+00:00,2026-05-15 00:00:00+00:00,VT,VT260515C00133000,call,True,133.0,7.8,10.3,11.53,136.82000732421875,0.25324233093261717,0.03705490886999391,0.01706621747553932,20.0,1,2025-10-22 14:12:47+00:00,702.7869444444444,9.05,0.4794520547945205
2025-11-20 21:00:00+00:00,2026-05-15 00:00:00+00:00,VT,VT260515C00134000,call,True,134.0,6.7,9.8,12.37,136.82000732421875,0.25287612365722656,0.03705490886999391,0.01706621747553932,10.0,12,2025-10-28 13:54:35+00:00,559.0902777777778,8.25,0.4794520547945205
2025-11-20 21:00:00+00:00,2026-05-15 00:00:00+00:00,VT,VT260515C00135000,call,False,135.0,5.9,9.2,9.82,136.82000732421875,0.2493666372680664,0.03705490886999391,0.01706621747553932,2.0,9,2025-11-14 16:48:53+00:00,148.18527777777777,7.55,0.4794520547945205
2025-11-20 21:00:00+00:00,2026-05-15 00:00:00+00:00,VT,VT260515C00136000,call,False,136.0,5.5,8.6,7.97,136.82000732421875,0.2454299090576172,0.03705490886999391,0.01706621747553932,1.0,17,2025-11-19 17:45:17+00:00,27.245277777777776,7.05,0.4794520547945205
2025-11-20 21:00:00+00:00,2026-05-15 00:00:00+00:00,VT,VT260515C00137000,call,False,137.0,4.8,8.1,6.0,136.82000732421875,0.24372094177246095,0.03705490886999391,0.01706621747553932,28.0,29,2025-11-18 17:55:04+00:00,51.08222222222222,6.449999999999999,0.4794520547945205
2025-11-20 21:00:00+00:00,2026-05-15 00:00:00+00:00,VT,VT260515C00138000,call,False,138.0,4.7,7.5,6.0,136.82000732421875,0.23886869537353517,0.03705490886999391,0.01706621747553932,1.0,30,2025-11-18 15:03:04+00:00,53.94888888888889,6.1,0.4794520547945205
2025-11-20 21:00:00+00:00,2026-05-15 00:00:00+00:00,VT,VT260515C00139000,call,False,139.0,4.3,6.9,5.66,136.82000732421875,0.23352817260742187,0.03705490886999391,0.01706621747553932,1.0,1,2025-11-19 20:30:15+00:00,24.495833333333334,5.6,0.4794520547945205
2025-11-20 21:00:00+00:00,2026-05-15 00:00:00+00:00,VT,VT260515C00140000,call,False,140.0,3.6,6.4,5.0,136.82000732421875,0.23041541076660155,0.03705490886999391,0.01706621747553932,10.0,36,2025-11-18 15:02:07+00:00,53.96472222222222,5.0,0.4794520547945205
2025-11-20 21:00:00+00:00,2026-05-15 00:00:00+00:00,VT,VT260515C00142000,call,False,142.0,2.4,5.5,6.5,136.82000732421875,0.22534954345703123,0.03705490886999391,0.01706621747553932,1.0,2,2025-11-12 15:12:30+00:00,197.79166666666666,3.95,0.4794520547945205
2025-11-20 21:00:00+00:00,2026-05-15 00:00:00+00:00,VT,VT260515C00143000,call,False,143.0,2.0,5.1,5.72,136.82000732421875,0.22342695526123046,0.03705490886999391,0.01706621747553932,11.0,6,2025-10-27 15:33:53+00:00,581.4352777777777,3.55,0.4794520547945205
2025-11-20 21:00:00+00:00,2026-05-15 00:00:00+00:00,VT,VT260515C00144000,call,False,144.0,1.6,3.8,3.0,136.82000732421875,0.19507640869140624,0.03705490886999391,0.01706621747553932,2.0,4,2025-11-20 15:55:28+00:00,5.075555555555556,2.7,0.4794520547945205
2025-11-20 21:00:00+00:00,2026-05-15 00:00:00+00:00,VT,VT260515C00145000,call,False,145.0,1.85,4.2,4.2,136.82000732421875,0.21509573974609375,0.03705490886999391,0.01706621747553932,1.0,24,2025-11-10 14:39:09+00:00,246.3475,3.0250000000000004,0.4794520547945205
2025-11-20 21:00:00+00:00,2026-05-15 00:00:00+00:00,VT,VT260515C00146000,call,False,146.0,1.2,3.9,4.04,136.82000732421875,0.21448539428710936,0.03705490886999391,0.01706621747553932,5.0,19,2025-11-11 19:35:24+00:00,217.41,2.55,0.4794520547945205
2025-11-20 21:00:00+00:00,2026-05-15 00:00:00+00:00,VT,VT260515C00147000,call,False,147.0,0.8,3.8,3.06,136.82000732421875,0.2194291925048828,0.03705490886999391,0.01706621747553932,1.0,1,2025-11-14 16:21:20+00:00,148.64444444444445,2.3,0.4794520547945205
2025-11-20 21:00:00+00:00,2026-05-15 00:00:00+00:00,VT,VT260515C00150000,call,False,150.0,0.15,1.65,1.2,136.82000732421875,0.16931983032226564,0.03705490886999391,0.01706621747553932,2.0,36,2025-11-20 14:30:00+00:00,6.5,0.8999999999999999,0.4794520547945205
2025-11-20 21:00:00+00:00,2026-05-15 00:00:00+00:00,VT,VT260515C00155000,call,False,155.0,0.15,1.3,1.0,136.82000732421875,0.18470053588867186,0.03705490886999391,0.01706621747553932,20.0,42,2025-11-05 16:12:51+00:00,364.78583333333336,0.725,0.4794520547945205
2025-11-20 21:00:00+00:00,2026-05-15 00:00:00+00:00,VT,VT260515C00160000,call,False,160.0,0.0,1.65,0.72,136.82000732421875,0.22791299438476562,0.03705490886999391,0.01706621747553932,,7,2025-11-12 15:49:01+00:00,197.18305555555557,0.825,0.4794520547945205
2025-11-20 21:00:00+00:00,2026-05-15 00:00:00+00:00,VT,VT260515P00095000,put,False,95.0,0.0,1.95,0.79,136.82000732421875,0.42566492309570314,0.03705490886999391,0.01706621747553932,,3,2025-10-20 15:35:25+00:00,749.4097222222222,0.975,0.4794520547945205
2025-11-20 21:00:00+00:00,2026-05-15 00:00:00+00:00,VT,VT260515P00100000,put,False,100.0,0.0,2.05,0.4,136.82000732421875,0.3836731555175781,0.03705490886999391,0.01706621747553932,1.0,3,2025-11-10 14:30:01+00:00,246.49972222222223,1.025,0.4794520547945205
2025-11-20 21:00:00+00:00,2026-05-15 00:00:00+00:00,VT,VT260515P00110000,put,False,110.0,0.15,2.4,1.35,136.82000732421875,0.30799031860351556,0.03705490886999391,0.01706621747553932,3.0,4,2025-10-20 15:35:25+00:00,749.4097222222222,1.275,0.4794520547945205
2025-11-20 21:00:00+00:00,2026-05-15 00:00:00+00:00,VT,VT260515P00115000,put,False,115.0,0.55,2.7,1.35,136.82000732421875,0.2740551110839844,0.03705490886999391,0.01706621747553932,2.0,4,2025-11-18 20:49:43+00:00,48.17138888888889,1.625,0.4794520547945205
2025-11-20 21:00:00+00:00,2026-05-15 00:00:00+00:00,VT,VT260515P00120000,put,False,120.0,1.05,2.4,1.73,136.82000732421875,0.21527884338378905,0.03705490886999391,0.01706621747553932,3.0,11,2025-10-07 15:31:58+00:00,1061.4672222222223,1.725,0.4794520547945205
2025-11-20 21:00:00+00:00,2026-05-15 00:00:00+00:00,VT,VT260515P00125000,put,False,125.0,1.65,4.1,1.97,136.82000732421875,0.22339643798828124,0.03705490886999391,0.01706621747553932,3.0,31,2025-11-13 15:53:09+00:00,173.11416666666668,2.875,0.4794520547945205
2025-11-20 21:00:00+00:00,2026-05-15 00:00:00+00:00,VT,VT260515P00127000,put,False,127.0,2.15,4.6,3.23,136.82000732421875,0.21674367248535154,0.03705490886999391,0.01706621747553932,1.0,3,2025-11-07 17:10:52+00:00,315.81888888888886,3.375,0.4794520547945205
2025-11-20 21:00:00+00:00,2026-05-15 00:00:00+00:00,VT,VT260515P00128000,put,False,128.0,0.9,4.9,2.76,136.82000732421875,0.2142412561035156,0.03705490886999391,0.01706621747553932,1.0,2,2025-10-07 14:24:20+00:00,1062.5944444444444,2.9000000000000004,0.4794520547945205
2025-11-20 21:00:00+00:00,2026-05-15 00:00:00+00:00,VT,VT260515P00130000,put,False,130.0,2.9,5.0,3.1,136.82000732421875,0.19376416595458984,0.03705490886999391,0.01706621747553932,1.0,2,2025-11-13 20:27:18+00:00,168.545,3.95,0.4794520547945205
2025-11-20 21:00:00+00:00,2026-05-15 00:00:00+00:00,VT,VT260515P00134000,put,False,134.0,4.7,6.1,3.28,136.82000732421875,0.17322604125976562,0.03705490886999391,0.01706621747553932,1.0,3,2025-11-12 15:25:12+00:00,197.58,5.4,0.4794520547945205
2025-11-20 21:00:00+00:00,2026-05-15 00:00:00+00:00,VT,VT260515P00135000,put,True,135.0,4.7,6.8,6.0,136.82000732421875,0.1780477703857422,0.03705490886999391,0.01706621747553932,3.0,40,2025-11-20 19:11:34+00:00,1.8072222222222223,5.75,0.4794520547945205
2025-11-20 21:00:00+00:00,2026-05-15 00:00:00+00:00,VT,VT260515P00136000,put,True,136.0,5.2,7.3,3.79,136.82000732421875,0.1769491485595703,0.03705490886999391,0.01706621747553932,,1,2025-11-12 15:25:12+00:00,197.58,6.25,0.4794520547945205
2025-11-20 21:00:00+00:00,2026-05-15 00:00:00+00:00,VT,VT260515P00138000,put,True,138.0,6.1,8.1,7.23,136.82000732421875,0.16730569030761722,0.03705490886999391,0.01706621747553932,8.0,32,2025-11-06 17:27:20+00:00,339.5444444444444,7.1,0.4794520547945205
2025-11-20 21:00:00+00:00,2026-05-15 00:00:00+00:00,VT,VT260515P00139000,put,True,139.0,3.4,6.9,5.66,136.82000732421875,0.11701322448730468,0.03705490886999391,0.01706621747553932,2.0,1,2025-10-03 19:51:03+00:00,1153.1491666666666,5.15,0.4794520547945205
2025-11-20 21:00:00+00:00,2026-05-15 00:00:00+00:00,VT,VT260515P00140000,put,True,140.0,7.0,9.2,5.8,136.82000732421875,0.16303327209472657,0.03705490886999391,0.01706621747553932,40.0,67,2025-11-17 17:46:49+00:00,75.21972222222222,8.1,0.4794520547945205
2025-11-20 21:00:00+00:00,2026-05-15 00:00:00+00:00,VT,VT260515P00143000,put,True,143.0,8.0,11.6,5.86,136.82000732421875,0.17304293762207032,0.03705490886999391,0.01706621747553932,1.0,2,2025-10-27 15:28:46+00:00,581.5205555555556,9.8,0.4794520547945205
2025-11-20 21:00:00+00:00,2026-05-15 00:00:00+00:00,VT,VT260515P00150000,put,True,150.0,10.2,13.5,12.1,136.82000732421875,1.0000000000000003e-05,0.03705490886999391,0.01706621747553932,1.0,1,2025-10-01 16:31:46+00:00,1204.4705555555556,11.85,0.4794520547945205
